0,1,2,3,4,5,6,7,8,9,10,11,12,13,14,15,16,17,18,19,20,21,22,23,24,25,26,27,28,29,30,31,32,33,34,35,36,37,38,39,40,41,gesture
241,309,287,274,295,191,241,139,194,133,309,141,259,95,260,141,271,170,262,159,217,119,227,178,238,194,219,182,177,150,199,204,219,219,178,203,151,185,173,219,196,230,1
252,321,289,319,306,290,278,252,258,226,339,252,370,196,388,156,401,123,301,238,311,170,313,126,320,87,262,234,246,210,248,260,260,295,223,239,210,229,214,265,226,294,0
214,389,260,361,276,299,236,253,198,237,274,241,291,175,298,132,300,96,229,242,218,166,211,117,202,74,190,260,173,222,193,270,208,304,154,287,153,262,175,297,195,325,0
254,365,325,371,390,341,428,299,458,266,364,263,400,214,420,181,434,153,329,242,356,182,371,143,379,109,292,234,311,178,319,143,324,114,252,237,257,190,259,162,260,138,2
216,347,271,335,320,293,349,249,373,219,276,221,285,168,287,146,286,140,234,216,237,155,236,138,234,136,196,225,191,171,188,155,187,153,158,246,143,204,138,185,139,176,2
321,296,302,251,303,211,311,190,322,182,370,170,337,167,312,181,297,191,396,188,365,192,340,206,325,216,413,215,382,217,361,232,349,244,422,246,398,248,379,259,368,268,1
282,278,325,267,354,226,339,182,321,155,401,195,378,158,345,180,320,200,373,189,346,145,315,179,294,207,340,195,307,150,286,186,278,211,303,210,274,179,257,201,251,218,1
278,309,232,266,221,215,235,184,258,181,260,159,259,158,257,186,254,206,302,162,293,165,286,191,283,212,334,178,321,185,312,208,308,226,360,202,343,207,333,226,328,241,1
220,324,194,298,191,264,195,241,198,227,241,216,269,166,284,137,295,117,268,217,308,164,333,131,351,107,293,231,333,177,360,148,379,128,317,252,354,214,378,190,397,172,2
328,434,387,449,440,431,474,402,505,381,424,337,456,286,472,252,483,224,390,314,413,253,426,217,436,188,355,306,370,249,380,213,389,184,319,308,320,260,323,229,327,205,2
214,326,271,318,299,278,284,234,254,214,302,211,283,198,270,220,261,239,267,188,253,177,242,201,237,225,230,178,220,167,213,191,209,214,190,178,180,164,177,184,177,203,1
273,423,313,393,317,336,267,296,229,283,325,293,354,234,372,194,384,162,279,291,273,224,266,173,257,132,240,307,225,285,246,328,264,358,203,333,198,317,219,346,240,369,0
345,433,418,452,482,436,529,406,567,382,469,328,513,274,537,239,555,209,434,301,471,238,494,199,508,165,396,289,425,228,445,189,457,158,355,286,366,230,373,196,378,168,2
196,358,272,375,338,359,384,330,418,306,310,255,349,209,369,183,384,161,277,228,307,174,325,141,335,113,241,217,263,164,276,130,283,106,204,215,210,167,217,138,222,114,2
221,355,172,314,149,269,143,232,136,206,226,211,243,156,255,127,265,105,266,218,296,163,316,135,331,117,297,237,326,187,344,162,355,145,319,262,347,228,361,210,370,197,2
190,388,238,361,250,295,202,253,165,244,242,237,248,168,249,122,245,85,194,240,175,169,158,120,141,78,156,260,127,231,153,275,175,307,124,289,113,274,140,307,167,332,0
240,427,306,419,360,380,394,341,425,316,321,286,344,224,355,184,360,149,280,270,291,199,296,155,298,117,241,271,244,205,246,162,247,126,202,284,190,232,183,198,177,167,2
176,391,233,371,253,304,209,254,168,234,253,244,272,179,283,133,288,95,203,241,196,164,191,112,185,66,159,257,145,216,164,267,180,303,119,283,121,259,142,296,160,325,0
241,290,243,265,245,232,253,210,264,190,240,191,246,153,257,126,269,108,253,186,264,134,280,101,298,75,270,187,284,137,300,103,317,78,294,190,306,147,321,121,337,100,2
194,413,281,410,343,369,383,325,413,292,297,277,324,225,336,196,343,173,255,259,271,205,279,172,283,150,213,258,223,204,229,174,231,154,174,268,167,223,165,198,163,178,2
211,429,260,408,286,348,261,308,219,303,245,298,263,246,270,212,273,183,198,293,194,222,192,172,190,134,161,305,189,272,212,315,224,352,135,327,179,325,210,360,229,389,0
193,290,238,252,265,210,284,187,305,177,191,151,261,129,268,172,253,198,168,162,257,152,261,196,242,212,157,182,242,182,243,221,223,233,153,208,219,215,224,245,208,256,1
193,415,243,398,267,349,237,313,201,300,242,287,258,234,264,198,267,167,196,287,186,222,179,175,171,138,158,305,162,285,186,323,203,352,127,334,147,333,175,360,196,381,0
112,383,91,331,110,284,155,268,183,270,108,256,141,194,160,156,173,129,140,263,193,203,220,163,243,130,172,282,231,276,220,298,203,313,204,310,240,315,227,339,211,352,0
201,377,240,348,249,287,205,246,170,234,244,233,253,165,255,121,251,86,199,239,179,168,166,118,151,76,161,260,138,232,164,277,185,308,128,290,121,272,147,304,171,328,0
273,436,319,416,335,360,294,311,259,285,351,307,386,249,409,211,424,179,307,298,310,226,313,177,312,137,266,309,249,277,264,316,276,347,225,332,222,308,236,338,250,365,0
212,309,211,277,233,243,258,228,281,217,244,207,270,164,285,136,296,116,267,210,305,158,328,126,347,102,289,222,329,170,353,139,371,118,315,240,348,204,372,180,393,160,2
186,405,230,363,232,294,182,249,145,236,227,233,226,163,222,118,214,82,179,243,154,170,135,124,115,82,141,268,108,234,138,280,162,310,111,301,94,275,124,304,152,327,0
240,427,306,419,360,380,394,341,425,316,321,286,344,224,355,184,360,149,280,270,291,199,296,155,298,117,241,271,244,205,246,162,247,126,202,284,190,232,183,198,177,167,2
272,345,344,316,387,265,408,218,424,186,325,187,338,126,342,90,343,61,281,180,277,110,273,69,268,36,242,187,229,122,222,81,216,48,208,204,186,154,175,121,167,91,2
335,300,309,253,306,205,328,181,361,183,351,159,359,174,356,205,346,218,386,172,387,197,380,222,367,230,414,197,413,222,404,245,390,252,437,230,442,250,428,268,411,271,1
294,331,356,328,411,291,421,245,387,220,375,223,402,200,393,241,375,262,344,210,378,187,364,235,344,251,311,204,350,190,338,238,317,251,273,202,312,195,312,231,297,244,1
247,293,301,266,348,215,342,162,318,142,381,200,363,142,324,155,299,178,349,192,333,130,294,162,275,199,313,195,290,139,265,178,258,218,274,204,249,162,238,186,240,212,1
193,415,243,398,267,349,237,313,201,300,242,287,258,234,264,198,267,167,196,287,186,222,179,175,171,138,158,305,162,285,186,323,203,352,127,334,147,333,175,360,196,381,0
269,346,338,321,379,270,398,224,418,194,318,188,331,128,335,92,336,61,274,181,269,112,265,71,259,39,236,188,222,124,215,82,208,48,202,207,182,156,170,121,162,90,2
281,309,234,268,225,219,240,186,260,180,247,165,252,159,257,186,255,207,288,163,286,163,285,189,282,209,322,173,317,179,313,201,308,219,350,193,340,199,332,218,326,233,1
226,320,283,319,338,299,376,274,408,254,311,256,340,210,359,183,374,161,278,246,302,201,316,179,329,162,242,244,261,206,271,186,282,171,203,247,205,220,207,208,211,199,2
246,319,285,318,306,284,281,240,262,206,343,245,376,188,397,148,411,113,303,231,317,159,322,111,328,68,261,229,246,197,247,246,257,281,218,234,209,216,215,253,229,283,0
288,332,350,334,412,297,421,244,383,215,384,227,411,202,394,249,377,266,350,212,381,183,362,239,344,248,315,204,350,184,334,240,315,249,274,200,311,189,307,230,292,239,1
207,334,269,298,306,243,298,197,253,187,213,173,252,141,269,186,259,212,176,181,238,156,248,211,228,224,150,195,218,183,226,234,202,242,128,218,190,203,204,238,187,251,1
107,386,80,328,95,279,136,257,166,255,108,252,132,194,144,155,153,127,145,261,195,202,224,163,247,135,179,283,218,269,203,287,186,303,208,314,225,307,211,325,198,339,0
282,326,346,333,413,294,420,240,380,211,389,227,415,204,393,252,377,266,352,211,384,183,360,241,345,245,316,202,348,182,330,241,313,245,276,197,309,190,302,232,289,237,1
107,386,80,328,95,279,136,257,166,255,108,252,132,194,144,155,153,127,145,261,195,202,224,163,247,135,179,283,218,269,203,287,186,303,208,314,225,307,211,325,198,339,0
226,328,191,296,182,257,181,227,177,202,231,206,251,149,263,114,272,88,264,208,294,146,315,109,331,81,295,222,328,162,351,129,366,106,325,245,356,201,373,174,386,154,2
164,407,211,355,208,288,152,245,113,234,200,225,194,156,188,111,180,76,154,241,124,169,101,122,79,83,118,269,82,238,116,279,146,308,88,302,67,277,100,305,132,326,0
344,304,319,264,314,218,330,193,351,188,362,168,349,177,339,211,333,231,398,179,380,197,367,226,359,242,425,203,406,220,392,249,383,263,446,235,433,248,416,269,406,280,1
257,325,325,281,357,207,337,153,295,142,336,164,293,97,282,123,294,155,287,174,236,111,233,145,251,180,242,190,200,141,202,177,223,207,206,207,179,179,183,209,200,233,1
180,381,257,353,313,302,348,252,364,210,266,222,274,154,276,164,272,194,224,215,230,146,231,158,227,189,183,219,186,156,187,162,185,182,145,231,134,184,134,179,135,186,2
282,326,346,333,413,294,420,240,380,211,389,227,415,204,393,252,377,266,352,211,384,183,360,241,345,245,316,202,348,182,330,241,313,245,276,197,309,190,302,232,289,237,1
265,310,298,314,313,287,284,249,271,218,350,248,386,191,406,151,421,117,311,229,325,160,331,111,341,68,272,222,259,196,259,246,270,282,232,223,222,214,225,252,239,282,0
237,436,278,392,276,328,225,286,186,279,277,282,293,220,302,177,305,142,232,287,214,221,199,174,184,135,197,308,172,284,196,321,218,348,170,337,155,317,178,343,204,365,0
186,405,230,363,232,294,182,249,145,236,227,233,226,163,222,118,214,82,179,243,154,170,135,124,115,82,141,268,108,234,138,280,162,310,111,301,94,275,124,304,152,327,0
214,421,209,358,239,313,280,302,310,309,254,280,287,231,308,198,323,176,285,294,351,261,389,245,418,234,311,319,345,333,327,350,312,361,331,353,342,366,327,381,317,391,0
208,361,278,377,333,355,368,327,392,308,304,249,332,204,348,179,360,159,274,224,297,168,312,135,321,109,242,213,260,154,270,119,276,92,210,209,217,157,224,127,230,101,2
224,338,277,355,315,339,340,317,361,302,294,247,314,203,328,175,339,154,271,223,287,168,300,131,311,101,246,211,258,154,269,115,279,85,222,207,228,156,235,123,242,97,2
267,309,344,323,414,274,402,209,349,180,403,226,404,181,373,228,360,250,355,206,362,164,340,221,332,239,312,198,317,163,305,222,303,241,271,194,274,176,271,217,274,230,1
176,391,233,371,253,304,209,254,168,234,253,244,272,179,283,133,288,95,203,241,196,164,191,112,185,66,159,257,145,216,164,267,180,303,119,283,121,259,142,296,160,325,0
198,384,241,378,272,344,280,310,268,289,199,271,212,215,215,175,216,139,170,267,221,237,225,237,220,233,155,278,230,279,233,306,223,321,153,298,214,304,230,324,230,335,0
228,332,190,297,177,257,174,225,166,200,232,206,251,148,264,116,273,91,266,209,300,147,321,112,336,88,298,224,334,162,356,130,371,109,326,247,360,207,378,181,390,162,2
176,404,223,356,223,290,170,245,131,233,216,231,214,159,209,114,201,78,169,243,143,170,121,123,99,83,132,268,98,238,131,281,159,310,102,302,83,277,114,303,145,325,0
251,313,299,281,307,196,251,142,202,133,327,150,270,102,264,149,268,180,280,164,229,123,234,181,243,201,236,185,189,152,208,206,226,225,193,206,163,187,184,222,205,234,1
208,327,249,274,240,185,170,139,116,134,272,146,189,89,182,130,199,160,225,165,144,118,149,161,172,180,179,190,107,155,126,198,158,213,134,213,89,194,112,228,143,240,1
183,408,174,347,199,303,235,292,260,299,209,272,240,223,258,193,271,174,242,285,299,249,333,233,359,223,268,309,298,320,282,337,268,349,289,339,300,347,287,361,278,371,0
208,361,278,377,333,355,368,327,392,308,304,249,332,204,348,179,360,159,274,224,297,168,312,135,321,109,242,213,260,154,270,119,276,92,210,209,217,157,224,127,230,101,2
328,434,387,449,440,431,474,402,505,381,424,337,456,286,472,252,483,224,390,314,413,253,426,217,436,188,355,306,370,249,380,213,389,184,319,308,320,260,323,229,327,205,2
265,309,301,304,314,271,284,232,267,206,351,245,388,189,407,149,421,116,311,230,326,163,333,113,342,70,270,225,258,196,262,239,275,272,229,227,221,214,227,247,242,276,0
211,300,242,250,231,170,175,132,126,119,244,127,170,85,153,111,160,139,197,159,113,121,116,157,140,176,154,193,85,168,101,201,127,215,117,223,74,211,96,236,125,245,1
279,314,230,272,219,223,236,193,266,188,247,165,257,166,261,193,257,214,293,165,295,173,293,199,289,219,332,178,328,191,323,214,317,231,365,200,357,211,349,231,342,244,1
247,310,296,276,304,191,249,138,201,133,315,143,266,98,266,147,273,176,268,161,223,123,234,183,244,199,225,184,183,151,206,205,224,222,184,205,157,187,181,222,202,232,1
225,420,266,449,311,435,318,370,315,319,392,401,484,384,541,370,586,356,368,354,443,299,487,260,520,226,329,327,341,277,330,289,326,305,279,313,285,280,272,305,262,337,0
244,306,305,275,337,207,303,151,262,133,363,171,319,118,288,146,272,174,317,169,281,120,261,164,258,198,273,178,240,137,235,182,242,213,229,194,210,164,214,194,225,216,1
164,402,220,369,232,296,182,246,139,230,230,238,240,166,241,119,236,80,182,241,165,166,150,117,132,74,140,262,112,229,141,278,164,311,104,293,93,268,119,301,144,325,0
246,319,285,318,306,284,281,240,262,206,343,245,376,188,397,148,411,113,303,231,317,159,322,111,328,68,261,229,246,197,247,246,257,281,218,234,209,216,215,253,229,283,0
276,345,351,330,407,285,439,240,466,208,366,204,389,144,398,109,402,80,320,188,329,120,331,83,330,54,278,187,278,125,276,89,276,61,238,196,227,149,222,120,220,95,2
154,403,140,342,159,296,191,281,215,283,168,263,192,211,207,181,217,161,203,273,252,232,281,213,303,198,233,292,257,299,240,318,226,330,256,318,263,321,250,336,240,346,0
199,416,248,409,283,356,282,310,244,278,227,294,254,255,259,248,253,237,190,285,202,217,211,170,216,127,160,293,210,271,229,310,232,334,139,313,195,302,226,323,240,338,0
221,316,232,287,250,255,270,239,288,224,249,208,273,169,290,144,303,127,267,207,301,153,324,123,343,99,286,214,321,162,345,132,366,110,312,225,341,186,365,164,389,145,2
133,399,117,337,135,290,168,274,193,275,143,255,170,202,184,172,194,152,181,264,230,220,259,199,281,183,212,283,234,291,218,312,204,325,237,309,242,312,228,328,218,339,0
230,317,195,283,191,240,200,210,209,191,232,202,250,146,260,111,269,86,262,200,291,139,310,100,324,73,292,208,320,148,341,113,356,90,323,224,350,180,367,154,381,136,2
197,385,244,357,256,295,209,252,169,243,250,237,258,168,260,124,257,88,203,239,185,166,172,118,158,74,163,258,139,225,163,272,183,304,130,286,124,270,150,303,175,328,0
281,311,348,327,414,290,415,231,377,201,400,224,413,196,394,242,382,261,358,205,372,178,356,236,348,244,318,197,331,176,319,234,310,243,277,193,289,188,285,229,280,235,1
185,329,255,295,285,207,234,155,164,171,233,146,206,105,218,165,222,192,181,161,163,132,192,197,199,206,141,187,122,168,158,227,170,236,105,216,95,205,125,242,138,249,1
252,180,260,151,261,123,262,103,266,79,249,110,253,82,259,62,265,46,245,115,252,83,261,62,271,43,244,122,253,91,263,71,272,56,244,129,252,108,261,92,269,79,2
169,408,217,357,216,291,161,247,122,236,210,230,205,160,198,115,189,79,162,244,133,171,110,123,88,82,125,271,91,238,123,281,151,311,94,304,75,279,107,307,138,330,0
267,309,344,323,414,274,402,209,349,180,403,226,404,181,373,228,360,250,355,206,362,164,340,221,332,239,312,198,317,163,305,222,303,241,271,194,274,176,271,217,274,230,1
223,310,285,267,303,185,246,138,188,148,291,155,257,108,250,153,247,187,241,166,216,114,222,166,223,197,199,186,172,143,193,192,207,220,159,213,144,185,167,212,185,226,1
194,413,281,410,343,369,383,325,413,292,297,277,324,225,336,196,343,173,255,259,271,205,279,172,283,150,213,258,223,204,229,174,231,154,174,268,167,223,165,198,163,178,2
248,308,318,277,361,210,329,154,276,144,367,181,343,127,312,157,292,188,322,176,306,122,282,161,269,197,279,184,262,136,254,180,254,216,235,198,226,164,230,192,239,217,1
352,431,427,453,494,435,542,403,580,377,479,318,525,261,552,224,571,194,444,289,482,223,506,182,521,146,404,277,435,215,456,173,468,141,361,276,370,218,376,181,381,152,2
267,338,343,343,408,313,450,273,482,238,383,230,421,180,441,149,455,123,345,209,371,154,384,118,391,89,305,202,325,149,334,116,339,90,267,203,270,158,273,131,276,109,2
203,355,269,339,309,308,330,274,348,251,245,236,247,182,243,167,239,165,206,228,202,172,196,151,189,139,172,231,163,180,155,152,149,133,140,244,122,203,109,178,101,157,2
244,444,288,398,286,332,233,289,192,280,288,285,306,223,315,180,319,146,242,290,225,223,213,175,200,136,205,312,180,282,205,319,226,347,175,342,161,318,185,343,210,366,0
201,409,242,396,274,351,280,313,257,288,218,278,233,230,241,203,248,183,184,272,197,206,209,160,222,123,158,283,215,271,232,306,236,330,144,309,202,306,230,327,243,344,0
196,352,259,339,307,291,331,242,347,204,258,220,260,154,260,153,258,176,214,216,213,151,212,148,210,161,175,226,173,170,171,160,169,163,138,245,125,205,120,186,118,176,2
247,310,296,276,304,191,249,138,201,133,315,143,266,98,266,147,273,176,268,161,223,123,234,183,244,199,225,184,183,151,206,205,224,222,184,205,157,187,181,222,202,232,1
220,364,171,320,148,274,142,235,132,208,226,214,241,159,253,130,261,109,267,222,298,165,316,137,328,120,298,242,329,190,346,165,354,148,321,269,349,233,362,215,369,202,2
279,333,354,336,420,305,463,263,495,229,392,220,431,169,451,138,466,110,354,199,379,143,391,108,399,79,314,194,330,139,339,106,344,80,275,196,276,151,277,124,279,100,2
134,393,168,382,192,336,214,291,214,263,139,269,188,230,198,236,192,228,144,261,189,201,213,168,225,135,157,269,236,274,239,314,224,333,177,288,234,306,232,341,218,357,0
190,336,238,288,240,197,176,145,123,135,262,146,198,94,194,144,204,174,213,166,152,121,160,177,174,191,167,191,112,159,135,211,159,223,122,215,90,195,114,230,140,240,1
252,180,260,151,261,123,262,103,266,79,249,110,253,82,259,62,265,46,245,115,252,83,261,62,271,43,244,122,253,91,263,71,272,56,244,129,252,108,261,92,269,79,2
210,443,252,396,247,327,192,287,152,280,241,272,251,211,256,171,256,139,195,282,171,216,156,172,140,135,160,309,130,274,159,310,181,336,135,346,123,320,152,343,177,362,0
200,385,242,355,250,292,204,250,166,239,243,235,251,167,253,122,251,87,196,241,176,166,163,117,149,75,157,262,136,226,161,269,181,301,123,293,119,273,146,304,169,329,0
242,417,318,424,375,397,413,355,439,318,357,315,389,266,405,238,414,215,322,291,347,239,361,207,368,183,284,281,305,231,316,203,321,184,250,280,258,239,264,217,268,201,2
184,413,239,421,293,385,301,317,297,267,365,345,438,314,485,292,522,271,333,306,390,244,421,202,443,168,290,287,297,238,278,280,268,315,239,282,247,248,236,284,229,320,0
283,299,347,312,407,273,405,218,370,190,397,213,401,185,381,224,365,243,352,193,358,175,344,226,335,241,312,189,316,177,309,229,304,242,273,190,277,188,275,224,274,232,1
261,295,298,268,347,223,365,179,361,160,393,221,380,162,339,176,311,200,381,215,364,150,315,172,285,202,360,217,336,153,295,180,273,212,335,224,303,173,274,186,261,205,1
294,331,356,328,411,291,421,245,387,220,375,223,402,200,393,241,375,262,344,210,378,187,364,235,344,251,311,204,350,190,338,238,317,251,273,202,312,195,312,231,297,244,1
246,319,285,318,306,284,281,240,262,206,343,245,376,188,397,148,411,113,303,231,317,159,322,111,328,68,261,229,246,197,247,246,257,281,218,234,209,216,215,253,229,283,0
184,413,239,421,293,385,301,317,297,267,365,345,438,314,485,292,522,271,333,306,390,244,421,202,443,168,290,287,297,238,278,280,268,315,239,282,247,248,236,284,229,320,0
110,397,86,336,106,285,148,265,178,262,112,248,136,193,148,156,157,130,153,257,203,204,233,173,259,149,187,279,218,274,202,295,187,310,216,311,222,309,208,328,197,341,0
216,315,223,288,243,254,264,237,282,224,250,209,272,167,287,139,300,120,269,208,301,154,325,121,344,97,289,215,324,162,348,131,369,110,314,229,346,190,369,166,391,148,2
207,348,273,330,320,297,351,263,374,235,277,232,288,188,290,163,291,145,239,226,243,181,244,152,242,132,202,233,199,189,197,163,195,146,166,247,152,212,147,192,145,178,2
335,300,309,253,306,205,328,181,361,183,351,159,359,174,356,205,346,218,386,172,387,197,380,222,367,230,414,197,413,222,404,245,390,252,437,230,442,250,428,268,411,271,1
281,311,348,327,414,290,415,231,377,201,400,224,413,196,394,242,382,261,358,205,372,178,356,236,348,244,318,197,331,176,319,234,310,243,277,193,289,188,285,229,280,235,1
345,433,418,452,482,436,529,406,567,382,469,328,513,274,537,239,555,209,434,301,471,238,494,199,508,165,396,289,425,228,445,189,457,158,355,286,366,230,373,196,378,168,2
269,291,239,254,230,209,237,182,249,172,307,150,275,155,258,183,248,198,339,164,306,176,286,196,273,207,358,189,327,200,309,220,298,233,368,224,346,232,328,249,315,259,1
166,407,212,355,209,287,153,244,115,236,204,228,197,158,191,112,183,76,158,242,127,171,104,123,83,83,122,270,85,237,118,277,147,306,91,303,71,279,103,306,135,328,0
343,439,411,454,472,436,514,407,551,388,458,332,499,283,522,251,540,224,425,306,460,246,481,209,495,177,390,295,416,237,434,200,445,171,352,295,361,242,368,209,373,181,2
258,321,296,322,315,290,288,247,271,218,346,246,384,192,406,153,422,121,307,229,322,159,330,110,339,69,268,226,257,199,259,249,270,285,228,231,219,219,224,257,237,287,0
215,304,248,247,231,165,159,131,103,129,248,124,165,84,159,118,174,144,203,153,118,116,127,152,152,170,162,187,88,159,108,192,137,206,125,219,78,202,101,228,129,237,1
304,304,271,260,262,214,272,186,292,185,332,177,320,177,308,205,302,225,364,189,348,192,334,216,327,237,388,209,367,213,353,235,347,253,407,235,389,237,374,255,367,269,1
254,182,241,152,242,120,248,96,254,72,252,108,256,79,260,59,264,43,255,113,258,84,262,62,265,45,257,120,261,93,266,73,269,57,256,126,259,107,263,92,267,80,2
272,308,334,288,356,247,334,212,302,198,337,184,326,177,319,200,312,217,295,167,290,162,287,188,284,209,255,162,254,157,254,181,254,202,217,168,215,163,217,181,219,197,1
268,310,225,264,217,215,232,183,252,177,237,164,246,154,252,179,247,200,275,163,277,159,278,184,274,205,308,173,309,174,307,197,300,217,338,191,335,193,329,213,321,230,1
357,301,362,291,381,255,408,231,427,225,347,187,412,199,416,231,401,242,361,177,434,197,427,234,406,243,378,181,444,208,431,245,408,251,397,195,441,228,428,261,407,267,1
202,351,265,335,302,305,321,270,338,243,237,241,238,193,234,168,229,149,200,233,193,182,187,152,178,129,168,236,156,186,148,153,139,130,138,246,116,205,103,178,93,156,2
185,335,255,305,296,223,260,165,194,169,239,152,227,117,241,175,246,198,189,166,189,137,213,201,214,207,148,191,148,168,175,228,178,237,110,217,115,204,139,245,145,254,1
266,292,327,296,382,252,372,191,341,160,405,227,390,175,351,202,327,224,365,206,356,154,320,195,302,219,325,195,309,148,286,197,278,225,283,191,266,163,257,197,260,216,1
134,393,168,382,192,336,214,291,214,263,139,269,188,230,198,236,192,228,144,261,189,201,213,168,225,135,157,269,236,274,239,314,224,333,177,288,234,306,232,341,218,357,0
232,312,295,275,325,190,280,145,214,169,270,135,255,102,267,156,270,179,222,153,212,116,238,178,239,185,186,180,176,154,209,210,218,224,153,209,148,198,177,230,190,235,1
220,324,194,298,191,264,195,241,198,227,241,216,269,166,284,137,295,117,268,217,308,164,333,131,351,107,293,231,333,177,360,148,379,128,317,252,354,214,378,190,397,172,2
227,459,286,451,330,405,317,338,299,288,387,351,452,302,493,270,525,243,348,319,391,244,417,197,436,161,301,310,302,257,295,279,292,302,248,317,253,277,253,305,253,337,0
194,434,239,396,241,331,192,292,151,282,229,287,241,228,248,187,251,154,185,291,162,223,148,174,134,137,148,313,124,278,150,309,171,335,117,344,115,324,141,348,165,370,0
267,344,337,318,378,269,398,224,416,192,317,186,329,126,332,90,332,59,273,179,268,109,264,70,257,38,235,186,221,122,213,79,206,45,201,205,179,154,167,120,158,90,2
187,342,243,288,249,194,178,146,118,158,260,154,196,96,190,153,197,186,209,170,153,117,159,178,170,198,162,194,110,152,131,204,153,224,115,221,87,194,110,226,134,240,1
210,412,256,402,289,351,283,308,248,283,241,290,263,249,268,224,267,199,203,282,203,216,205,169,207,132,171,291,204,259,225,288,234,311,148,315,195,309,228,331,247,349,0
192,358,266,374,334,357,382,329,418,304,310,252,350,208,369,181,384,159,276,226,306,173,323,141,333,114,239,216,262,163,274,132,281,108,202,214,208,168,214,139,219,114,2
169,408,217,357,216,291,161,247,122,236,210,230,205,160,198,115,189,79,162,244,133,171,110,123,88,82,125,271,91,238,123,281,151,311,94,304,75,279,107,307,138,330,0
201,377,240,348,249,287,205,246,170,234,244,233,253,165,255,121,251,86,199,239,179,168,166,118,151,76,161,260,138,232,164,277,185,308,128,290,121,272,147,304,171,328,0
185,402,240,409,290,371,292,306,285,261,354,323,420,290,462,266,496,244,318,289,365,227,389,187,410,147,274,276,276,231,259,274,252,308,227,275,233,242,227,276,224,309,0
168,403,213,355,211,287,155,244,114,237,200,226,195,157,189,111,180,76,152,240,123,169,101,122,79,79,115,269,81,233,115,276,143,307,86,304,69,279,101,306,132,328,0
184,413,239,421,293,385,301,317,297,267,365,345,438,314,485,292,522,271,333,306,390,244,421,202,443,168,290,287,297,238,278,280,268,315,239,282,247,248,236,284,229,320,0
282,278,325,267,354,226,339,182,321,155,401,195,378,158,345,180,320,200,373,189,346,145,315,179,294,207,340,195,307,150,286,186,278,211,303,210,274,179,257,201,251,218,1
210,410,254,400,288,347,284,304,249,282,235,284,255,241,262,215,265,195,197,277,204,215,210,169,217,132,165,289,207,266,228,298,236,322,144,313,197,308,229,329,248,345,0
113,395,94,334,112,284,149,265,177,263,118,248,144,193,155,158,161,136,156,256,209,205,239,180,263,161,189,275,221,278,207,301,193,316,217,302,228,304,216,324,207,338,0
106,388,82,329,100,280,141,258,171,258,106,254,135,194,149,154,158,126,140,262,193,200,222,159,246,129,173,284,225,270,213,290,197,306,205,316,233,312,219,332,204,346,0
261,457,314,436,341,381,315,324,287,289,369,320,414,269,443,233,463,201,324,305,340,231,350,184,355,146,281,311,273,266,281,308,285,341,238,331,240,298,251,330,258,362,0
204,353,275,328,313,290,328,254,342,230,240,226,239,176,234,154,227,142,200,222,191,169,183,141,173,123,165,229,151,178,142,147,132,126,135,242,113,202,101,177,91,157,2
354,292,349,286,371,257,414,239,444,234,346,191,417,205,415,234,400,246,361,182,439,205,423,238,403,243,377,181,448,212,427,244,406,246,392,189,442,216,430,247,413,254,1
281,309,234,268,225,219,240,186,260,180,247,165,252,159,257,186,255,207,288,163,286,163,285,189,282,209,322,173,317,179,313,201,308,219,350,193,340,199,332,218,326,233,1
218,365,169,321,147,274,140,235,130,208,226,213,242,158,253,128,261,109,266,221,298,165,316,137,328,121,296,242,329,191,345,166,352,151,318,269,347,235,360,217,366,205,2
200,343,254,327,287,296,307,265,330,244,229,236,228,191,222,165,216,144,193,230,184,181,177,151,168,127,162,233,149,185,139,151,130,124,132,245,111,203,96,177,83,154,2
210,424,258,411,291,350,275,304,233,289,247,300,268,253,273,227,272,205,204,292,201,220,202,172,202,135,170,300,200,266,225,304,236,337,144,319,190,315,220,347,238,373,0
217,431,292,416,344,369,373,326,396,299,291,275,306,217,311,181,312,152,247,264,252,197,253,156,250,124,208,268,208,204,208,163,205,132,171,283,154,232,145,200,137,172,2
250,444,294,404,297,340,246,298,204,290,296,290,319,227,331,183,337,149,251,293,237,224,225,174,210,134,215,314,193,287,219,327,238,356,184,344,170,319,193,345,215,368,0
229,312,276,278,286,192,233,137,186,128,298,144,247,93,239,145,241,179,251,160,206,117,211,177,219,194,208,182,165,147,183,199,202,216,166,205,139,186,161,219,183,229,1
229,312,281,272,292,186,236,134,181,132,297,144,249,96,242,146,244,176,250,160,207,114,212,171,218,188,207,183,165,143,182,194,199,212,164,207,139,187,161,218,182,227,1
275,426,341,422,395,387,429,350,457,327,360,291,383,231,396,193,405,159,321,274,335,205,343,163,347,127,284,273,290,209,294,167,297,133,246,284,237,233,231,199,227,168,2
266,292,327,296,382,252,372,191,341,160,405,227,390,175,351,202,327,224,365,206,356,154,320,195,302,219,325,195,309,148,286,197,278,225,283,191,266,163,257,197,260,216,1
238,306,286,275,295,189,242,136,194,132,304,139,252,93,254,143,262,172,258,157,210,117,222,176,233,193,214,181,171,146,193,201,214,218,174,204,146,186,170,221,193,232,1
272,442,316,428,340,380,312,327,287,295,366,316,409,262,436,226,456,194,323,302,335,232,342,186,345,145,281,309,267,272,274,310,282,341,239,329,233,301,244,331,257,362,0
277,331,352,334,418,303,460,262,492,228,389,218,428,167,448,135,462,108,351,198,376,142,388,107,395,78,312,193,327,138,335,105,340,79,272,195,271,150,272,123,274,100,2
361,270,371,288,394,282,426,264,445,246,351,210,408,219,410,247,399,256,359,184,432,203,423,240,405,245,373,170,442,198,429,231,409,236,390,165,437,192,428,223,414,232,1
233,308,205,280,203,237,218,210,230,194,234,203,248,148,256,113,264,88,260,200,286,139,302,100,315,71,287,207,314,146,333,109,348,84,317,221,342,177,359,148,374,127,2
176,403,168,345,189,301,224,289,249,292,196,270,225,220,243,190,255,171,229,282,284,243,317,225,343,212,256,303,288,312,274,331,258,343,278,330,293,336,281,352,270,363,0
217,431,292,416,344,369,373,326,396,299,291,275,306,217,311,181,312,152,247,264,252,197,253,156,250,124,208,268,208,204,208,163,205,132,171,283,154,232,145,200,137,172,2
229,312,276,278,286,192,233,137,186,128,298,144,247,93,239,145,241,179,251,160,206,117,211,177,219,194,208,182,165,147,183,199,202,216,166,205,139,186,161,219,183,229,1
300,306,364,320,429,278,430,223,389,198,413,223,424,192,404,235,389,257,372,204,386,173,369,226,357,243,332,198,345,173,334,227,326,242,291,196,303,186,299,224,297,234,1
361,270,371,288,394,282,426,264,445,246,351,210,408,219,410,247,399,256,359,184,432,203,423,240,405,245,373,170,442,198,429,231,409,236,390,165,437,192,428,223,414,232,1
178,423,177,354,204,310,242,299,270,305,219,274,251,221,270,189,281,169,250,286,311,251,343,236,366,228,276,309,309,327,292,347,278,359,297,341,309,356,294,373,282,384,0
195,351,270,340,322,305,355,265,381,228,276,231,288,186,290,161,289,144,236,222,240,176,242,148,240,130,197,228,196,183,195,160,192,148,161,242,148,206,145,187,143,175,2
208,327,249,274,240,185,170,139,116,134,272,146,189,89,182,130,199,160,225,165,144,118,149,161,172,180,179,190,107,155,126,198,158,213,134,213,89,194,112,228,143,240,1
277,331,352,334,418,303,460,262,492,228,389,218,428,167,448,135,462,108,351,198,376,142,388,107,395,78,312,193,327,138,335,105,340,79,272,195,271,150,272,123,274,100,2
215,317,191,291,193,259,202,240,209,230,239,211,268,163,284,134,296,114,265,213,306,161,331,128,348,105,290,226,331,173,359,144,378,124,315,248,352,209,377,186,398,169,2
208,428,291,417,346,372,375,329,399,301,292,278,309,222,316,188,319,160,248,265,256,203,259,163,257,133,208,267,211,207,211,168,209,139,170,279,157,230,150,199,144,174,2
177,391,232,375,256,313,218,260,182,236,258,247,281,182,293,137,300,99,208,242,204,165,201,114,196,68,164,255,151,215,168,265,183,302,123,281,124,255,144,292,162,322,0
210,361,280,374,337,356,375,330,403,311,306,250,339,206,357,182,372,161,276,225,302,171,318,138,329,111,244,215,263,159,275,125,283,99,210,213,215,164,221,134,227,108,2
219,364,170,321,146,275,139,236,133,210,226,214,241,159,252,130,260,111,266,221,297,165,316,138,328,122,297,242,328,190,344,166,352,152,319,270,347,234,360,217,367,207,2
304,304,271,260,262,214,272,186,292,185,332,177,320,177,308,205,302,225,364,189,348,192,334,216,327,237,388,209,367,213,353,235,347,253,407,235,389,237,374,255,367,269,1
269,351,332,330,367,279,381,234,398,206,316,197,329,141,335,106,336,76,278,186,273,117,270,76,265,41,244,188,230,123,223,81,217,46,214,202,194,148,183,112,175,80,2
258,321,296,322,315,290,288,247,271,218,346,246,384,192,406,153,422,121,307,229,322,159,330,110,339,69,268,226,257,199,259,249,270,285,228,231,219,219,224,257,237,287,0
339,302,309,256,305,207,328,184,357,187,353,158,354,175,347,208,338,223,392,170,384,197,372,224,362,234,421,194,409,223,397,247,388,256,444,227,436,252,421,272,410,277,1
342,309,397,306,434,280,449,254,443,234,371,188,428,191,424,228,404,243,350,182,425,195,415,236,392,242,337,186,410,207,400,246,377,250,329,199,387,215,386,245,368,251,1
337,292,312,258,305,216,321,197,344,199,365,171,352,181,341,211,332,230,401,186,382,202,367,226,357,241,423,211,403,226,389,249,379,262,438,245,425,255,409,271,398,280,1
220,364,171,320,148,274,142,235,132,208,226,214,241,159,253,130,261,109,267,222,298,165,316,137,328,120,298,242,329,190,346,165,354,148,321,269,349,233,362,215,369,202,2
288,314,354,328,416,289,418,232,380,200,397,229,413,199,395,245,385,262,355,210,375,180,360,238,351,247,317,201,336,176,325,234,315,245,277,196,293,188,289,229,284,237,1
192,448,234,400,231,334,177,291,136,285,226,279,235,217,241,175,242,141,180,289,153,221,138,175,120,136,144,317,116,286,147,323,169,351,118,353,104,330,133,355,159,377,0
332,438,393,453,449,436,486,409,520,391,437,340,474,295,495,265,510,238,405,316,436,261,454,227,467,198,372,306,395,252,409,219,421,191,336,307,343,259,349,229,354,204,2
272,308,334,288,356,247,334,212,302,198,337,184,326,177,319,200,312,217,295,167,290,162,287,188,284,209,255,162,254,157,254,181,254,202,217,168,215,163,217,181,219,197,1
237,436,278,392,276,328,225,286,186,279,277,282,293,220,302,177,305,142,232,287,214,221,199,174,184,135,197,308,172,284,196,321,218,348,170,337,155,317,178,343,204,365,0
192,426,248,435,304,400,312,331,309,279,375,363,455,340,507,324,549,308,346,321,411,264,446,227,474,192,304,300,315,252,289,295,275,329,251,291,263,255,249,291,239,326,0
274,343,350,331,411,294,449,251,478,217,376,209,408,152,421,118,429,90,333,190,352,126,358,92,360,67,292,186,300,127,303,95,306,71,251,193,247,146,247,119,249,97,2
201,437,255,445,310,407,314,336,307,285,379,374,461,352,513,337,555,320,351,331,417,273,457,236,487,203,309,308,318,259,296,301,285,335,257,297,263,264,250,300,244,335,0
297,305,257,274,240,226,253,192,274,175,286,168,271,177,266,214,267,235,327,175,307,193,298,223,298,240,360,194,337,214,327,240,324,253,386,222,366,236,351,258,346,270,1
224,343,178,305,162,263,159,228,155,205,231,207,252,151,265,118,275,92,268,213,303,153,325,120,341,99,299,231,335,172,357,143,370,125,325,255,359,213,376,191,388,175,2
199,416,248,409,283,356,282,310,244,278,227,294,254,255,259,248,253,237,190,285,202,217,211,170,216,127,160,293,210,271,229,310,232,334,139,313,195,302,226,323,240,338,0
276,345,351,330,407,285,439,240,466,208,366,204,389,144,398,109,402,80,320,188,329,120,331,83,330,54,278,187,278,125,276,89,276,61,238,196,227,149,222,120,220,95,2
305,309,378,318,438,281,439,233,401,210,408,222,426,190,411,233,400,251,369,205,394,172,381,224,368,241,331,199,353,171,345,225,337,242,293,199,312,185,309,221,304,231,1
133,399,117,337,135,290,168,274,193,275,143,255,170,202,184,172,194,152,181,264,230,220,259,199,281,183,212,283,234,291,218,312,204,325,237,309,242,312,228,328,218,339,0
214,310,213,279,235,241,261,222,286,211,245,208,269,163,287,135,302,116,266,209,302,157,328,125,350,102,288,219,326,166,352,137,372,117,314,236,348,198,370,174,392,155,2
208,308,263,284,292,246,289,209,259,192,208,177,245,159,260,192,255,216,176,181,239,179,247,216,233,234,155,194,222,200,228,236,212,250,138,215,194,213,210,240,204,256,1
350,421,431,440,506,420,559,387,604,364,490,298,542,235,569,196,589,161,451,268,491,196,515,153,531,115,408,255,438,186,458,142,471,107,362,253,372,190,378,150,384,117,2
185,335,255,305,296,223,260,165,194,169,239,152,227,117,241,175,246,198,189,166,189,137,213,201,214,207,148,191,148,168,175,228,178,237,110,217,115,204,139,245,145,254,1
199,381,242,352,250,290,206,248,167,236,243,234,251,167,254,121,251,85,196,240,176,167,163,117,149,73,157,261,135,228,162,275,184,306,124,292,118,273,146,305,171,330,0
188,361,262,359,330,327,375,289,411,260,301,245,331,196,344,167,353,144,263,224,282,166,290,135,296,112,223,219,235,165,239,135,243,112,182,224,182,179,183,153,185,131,2
162,405,154,367,165,321,213,301,245,299,149,266,172,205,189,179,201,154,181,275,212,221,215,201,217,178,207,296,252,285,237,318,217,337,229,323,254,315,241,340,224,357,0
200,385,242,355,250,292,204,250,166,239,243,235,251,167,253,122,251,87,196,241,176,166,163,117,149,75,157,262,136,226,161,269,181,301,123,293,119,273,146,304,169,329,0
232,312,295,275,325,190,280,145,214,169,270,135,255,102,267,156,270,179,222,153,212,116,238,178,239,185,186,180,176,154,209,210,218,224,153,209,148,198,177,230,190,235,1
227,459,286,451,330,405,317,338,299,288,387,351,452,302,493,270,525,243,348,319,391,244,417,197,436,161,301,310,302,257,295,279,292,302,248,317,253,277,253,305,253,337,0
223,422,263,449,310,436,319,372,317,322,390,398,481,380,537,366,582,353,365,351,439,297,483,259,515,227,326,325,342,275,334,289,329,308,274,313,285,280,274,306,264,339,0
168,403,213,355,211,287,155,244,114,237,200,226,195,157,189,111,180,76,152,240,123,169,101,122,79,79,115,269,81,233,115,276,143,307,86,304,69,279,101,306,132,328,0
269,351,332,330,367,279,381,234,398,206,316,197,329,141,335,106,336,76,278,186,273,117,270,76,265,41,244,188,230,123,223,81,217,46,214,202,194,148,183,112,175,80,2
198,347,264,304,304,233,290,184,240,183,222,166,248,136,262,190,251,215,180,175,221,147,234,211,218,222,148,192,194,176,208,232,190,239,118,214,167,203,183,241,170,251,1
136,399,123,338,143,293,176,278,201,279,148,258,173,207,187,176,196,156,184,268,233,225,263,204,286,188,215,286,240,294,224,316,209,329,240,312,247,314,234,331,224,344,0
270,309,346,319,412,269,396,205,340,181,395,217,399,172,374,221,364,243,345,199,354,159,336,219,333,231,302,194,308,161,299,222,299,238,262,193,266,178,266,219,270,231,1
222,359,172,317,148,271,143,234,137,208,228,214,245,160,257,131,266,111,268,222,301,167,320,139,334,121,299,242,331,191,348,166,358,148,322,268,350,235,365,216,373,201,2
200,343,254,327,287,296,307,265,330,244,229,236,228,191,222,165,216,144,193,230,184,181,177,151,168,127,162,233,149,185,139,151,130,124,132,245,111,203,96,177,83,154,2
343,302,320,262,315,214,330,188,352,184,376,166,356,176,343,212,335,231,411,180,387,197,372,225,363,239,436,205,412,222,395,248,387,260,453,239,437,251,419,270,408,279,1
185,402,240,409,290,371,292,306,285,261,354,323,420,290,462,266,496,244,318,289,365,227,389,187,410,147,274,276,276,231,259,274,252,308,227,275,233,242,227,276,224,309,0
206,430,256,412,288,352,272,308,231,295,247,299,266,248,272,216,273,190,202,292,199,222,198,173,197,136,166,302,196,270,220,313,231,349,140,324,185,322,216,356,234,385,0
342,305,317,261,313,210,331,184,355,183,376,164,357,172,342,208,335,227,411,178,386,193,369,224,361,240,435,204,410,219,393,247,386,260,452,238,436,248,417,269,407,279,1
207,390,254,364,271,301,230,254,194,236,268,240,282,172,287,129,287,93,223,241,210,165,201,118,191,77,184,258,162,221,182,266,200,299,150,286,144,264,165,298,187,325,0
277,330,351,335,417,304,458,263,489,228,389,220,428,170,448,139,462,113,351,200,376,144,389,109,397,80,312,194,329,140,337,107,342,81,274,196,274,151,276,124,278,101,2
110,397,86,336,106,285,148,265,178,262,112,248,136,193,148,156,157,130,153,257,203,204,233,173,259,149,187,279,218,274,202,295,187,310,216,311,222,309,208,328,197,341,0
275,426,341,422,395,387,429,350,457,327,360,291,383,231,396,193,405,159,321,274,335,205,343,163,347,127,284,273,290,209,294,167,297,133,246,284,237,233,231,199,227,168,2
229,312,281,272,292,186,236,134,181,132,297,144,249,96,242,146,244,176,250,160,207,114,212,171,218,188,207,183,165,143,182,194,199,212,164,207,139,187,161,218,182,227,1
273,423,313,393,317,336,267,296,229,283,325,293,354,234,372,194,384,162,279,291,273,224,266,173,257,132,240,307,225,285,246,328,264,358,203,333,198,317,219,346,240,369,0
251,313,299,281,307,196,251,142,202,133,327,150,270,102,264,149,268,180,280,164,229,123,234,181,243,201,236,185,189,152,208,206,226,225,193,206,163,187,184,222,205,234,1
173,404,219,357,219,290,164,246,122,239,209,229,205,159,200,113,191,78,160,242,133,169,113,123,91,79,123,269,89,234,124,279,151,309,95,305,79,279,112,307,142,328,0
268,322,306,320,319,282,285,238,263,205,352,248,387,189,408,148,423,112,316,231,331,160,334,112,337,70,277,226,256,196,257,247,267,281,236,230,219,217,223,257,238,286,0
212,309,211,277,233,243,258,228,281,217,244,207,270,164,285,136,296,116,267,210,305,158,328,126,347,102,289,222,329,170,353,139,371,118,315,240,348,204,372,180,393,160,2
224,338,277,355,315,339,340,317,361,302,294,247,314,203,328,175,339,154,271,223,287,168,300,131,311,101,246,211,258,154,269,115,279,85,222,207,228,156,235,123,242,97,2
253,353,327,358,393,328,435,287,465,253,368,245,405,195,424,163,438,136,331,224,356,166,370,129,378,100,293,217,310,162,320,128,326,102,255,218,258,172,262,145,264,122,2
256,298,230,264,236,218,255,186,275,166,236,203,252,149,266,115,277,90,256,200,284,141,305,102,322,73,281,203,307,143,326,107,342,82,308,213,331,167,346,138,359,115,2
272,436,315,407,326,352,284,309,248,293,334,297,365,238,383,198,395,167,289,294,282,222,278,170,272,129,248,310,232,279,250,317,265,348,210,338,207,314,227,341,245,368,0
271,298,281,261,322,216,347,181,353,158,395,220,367,155,324,157,295,179,396,221,365,149,312,159,277,187,386,226,350,154,297,172,265,203,368,236,329,183,288,184,263,196,1
264,421,329,418,383,383,417,346,448,323,349,288,372,229,385,190,393,155,308,272,321,202,328,160,331,123,270,271,274,205,277,164,280,129,231,281,223,230,217,196,213,166,2
277,289,324,279,367,240,363,190,342,165,411,224,391,174,348,193,318,215,383,211,363,157,326,187,301,214,351,207,325,158,299,193,285,221,316,210,287,176,270,199,266,218,1
270,343,341,315,384,265,405,219,422,187,321,185,335,125,339,90,340,60,277,178,272,109,269,69,263,36,238,186,224,121,217,81,211,48,204,204,182,153,171,120,163,91,2
267,344,337,318,378,269,398,224,416,192,317,186,329,126,332,90,332,59,273,179,268,109,264,70,257,38,235,186,221,122,213,79,206,45,201,205,179,154,167,120,158,90,2
194,444,234,395,230,332,179,290,141,282,226,276,237,213,241,170,241,137,182,287,157,220,140,174,121,136,148,314,118,282,147,317,171,345,121,350,105,326,133,349,159,370,0
176,403,168,345,189,301,224,289,249,292,196,270,225,220,243,190,255,171,229,282,284,243,317,225,343,212,256,303,288,312,274,331,258,343,278,330,293,336,281,352,270,363,0
228,335,273,349,305,329,329,308,347,294,284,243,299,196,313,165,323,140,268,223,281,166,296,127,306,97,251,213,265,157,282,117,295,87,236,211,251,166,267,136,281,111,2
206,366,275,342,316,300,334,258,348,230,251,225,249,160,245,156,242,174,209,220,200,150,192,144,188,155,173,226,159,164,149,151,144,150,138,243,118,201,105,179,98,164,2
112,383,91,331,110,284,155,268,183,270,108,256,141,194,160,156,173,129,140,263,193,203,220,163,243,130,172,282,231,276,220,298,203,313,204,310,240,315,227,339,211,352,0
200,348,257,330,291,295,307,261,323,237,227,233,225,188,219,162,212,143,192,227,181,178,173,149,163,126,161,231,146,181,136,149,127,123,131,244,108,202,93,175,80,153,2
123,401,114,354,138,310,180,292,207,288,125,263,154,204,171,167,182,139,142,263,193,201,224,158,246,125,166,278,239,279,236,319,222,342,194,304,246,318,240,352,226,371,0
180,381,257,353,313,302,348,252,364,210,266,222,274,154,276,164,272,194,224,215,230,146,231,158,227,189,183,219,186,156,187,162,185,182,145,231,134,184,134,179,135,186,2
244,444,288,398,286,332,233,289,192,280,288,285,306,223,315,180,319,146,242,290,225,223,213,175,200,136,205,312,180,282,205,319,226,347,175,342,161,318,185,343,210,366,0
233,308,205,280,203,237,218,210,230,194,234,203,248,148,256,113,264,88,260,200,286,139,302,100,315,71,287,207,314,146,333,109,348,84,317,221,342,177,359,148,374,127,2
203,355,269,339,309,308,330,274,348,251,245,236,247,182,243,167,239,165,206,228,202,172,196,151,189,139,172,231,163,180,155,152,149,133,140,244,122,203,109,178,101,157,2
185,355,264,366,335,343,383,308,421,275,305,248,342,201,362,174,375,152,267,226,292,172,307,140,317,113,227,219,246,166,257,134,264,110,189,219,192,174,197,147,201,124,2
340,299,324,264,331,223,361,198,390,193,325,170,386,180,395,210,385,223,347,169,411,190,411,221,395,233,372,182,435,209,428,238,407,248,399,205,450,232,440,260,418,269,1
193,290,238,252,265,210,284,187,305,177,191,151,261,129,268,172,253,198,168,162,257,152,261,196,242,212,157,182,242,182,243,221,223,233,153,208,219,215,224,245,208,256,1
342,309,397,306,434,280,449,254,443,234,371,188,428,191,424,228,404,243,350,182,425,195,415,236,392,242,337,186,410,207,400,246,377,250,329,199,387,215,386,245,368,251,1
279,333,354,336,420,305,463,263,495,229,392,220,431,169,451,138,466,110,354,199,379,143,391,108,399,79,314,194,330,139,339,106,344,80,275,196,276,151,277,124,279,100,2
206,393,251,364,265,302,224,256,187,238,261,238,274,172,277,128,275,92,216,241,201,165,190,118,178,77,177,259,153,221,174,267,193,300,144,288,135,265,159,298,183,325,0
176,404,223,356,223,290,170,245,131,233,216,231,214,159,209,114,201,78,169,243,143,170,121,123,99,83,132,268,98,238,131,281,159,310,102,302,83,277,114,303,145,325,0
278,309,232,266,221,215,235,184,258,181,260,159,259,158,257,186,254,206,302,162,293,165,286,191,283,212,334,178,321,185,312,208,308,226,360,202,343,207,333,226,328,241,1
214,421,209,358,239,313,280,302,310,309,254,280,287,231,308,198,323,176,285,294,351,261,389,245,418,234,311,319,345,333,327,350,312,361,331,353,342,366,327,381,317,391,0
226,328,191,296,182,257,181,227,177,202,231,206,251,149,263,114,272,88,264,208,294,146,315,109,331,81,295,222,328,162,351,129,366,106,325,245,356,201,373,174,386,154,2
270,315,297,305,302,269,276,229,262,201,348,251,379,196,399,157,415,125,317,240,324,165,328,122,337,89,281,236,256,199,255,242,267,277,242,237,220,218,221,251,235,279,0
219,432,291,414,342,368,372,326,395,297,290,276,304,215,309,177,309,145,247,265,251,195,251,154,248,121,208,270,206,204,204,163,201,130,171,286,153,236,143,204,136,177,2
212,443,257,395,254,325,197,286,154,281,252,276,261,213,266,171,267,137,205,285,182,217,168,173,150,135,169,310,138,277,169,315,192,340,142,342,130,319,159,344,185,362,0
222,359,172,317,148,271,143,234,137,208,228,214,245,160,257,131,266,111,268,222,301,167,320,139,334,121,299,242,331,191,348,166,358,148,322,268,350,235,365,216,373,201,2
261,306,216,262,204,213,223,179,252,173,218,161,245,152,253,177,248,195,259,163,278,161,281,186,274,204,299,175,313,179,312,203,304,221,337,197,345,201,338,224,328,240,1
272,436,315,407,326,352,284,309,248,293,334,297,365,238,383,198,395,167,289,294,282,222,278,170,272,129,248,310,232,279,250,317,265,348,210,338,207,314,227,341,245,368,0
216,315,223,288,243,254,264,237,282,224,250,209,272,167,287,139,300,120,269,208,301,154,325,121,344,97,289,215,324,162,348,131,369,110,314,229,346,190,369,166,391,148,2
209,430,257,454,310,432,320,362,322,308,385,398,476,379,533,366,579,352,361,349,436,294,478,258,511,227,323,321,337,270,315,298,304,329,273,306,280,272,265,301,256,336,0
267,343,338,316,381,266,401,221,421,189,317,186,331,125,335,89,336,58,273,179,268,110,265,69,259,36,235,187,220,122,213,81,206,47,200,205,177,154,166,120,157,90,2
274,346,345,319,389,268,410,221,427,190,332,187,346,128,350,94,351,65,288,179,286,110,284,71,279,39,248,185,238,121,231,82,226,51,212,202,193,153,183,122,176,94,2
230,307,264,245,245,166,172,136,114,136,278,126,178,88,182,124,205,141,231,156,133,116,153,154,183,168,186,191,101,157,127,192,162,203,144,224,93,203,118,231,149,240,1
288,332,350,334,412,297,421,244,383,215,384,227,411,202,394,249,377,266,350,212,381,183,362,239,344,248,315,204,350,184,334,240,315,249,274,200,311,189,307,230,292,239,1
168,406,222,373,236,299,188,249,145,234,236,240,251,169,255,124,254,87,189,241,175,162,163,113,149,70,148,260,126,227,148,276,164,309,112,288,105,264,127,298,147,324,0
223,422,263,449,310,436,319,372,317,322,390,398,481,380,537,366,582,353,365,351,439,297,483,259,515,227,326,325,342,275,334,289,329,308,274,313,285,280,274,306,264,339,0
343,321,406,314,442,284,459,255,455,228,365,193,432,199,426,232,405,243,348,186,436,198,424,240,400,243,340,187,425,209,412,249,385,250,339,197,402,219,395,251,371,253,1
215,307,249,250,227,169,155,133,100,132,263,132,174,91,171,124,188,145,221,158,128,121,141,157,168,171,178,189,93,157,115,192,148,203,136,219,83,200,105,227,134,236,1
328,302,297,261,289,212,305,188,327,188,351,167,334,180,325,211,321,226,389,182,366,201,352,225,345,239,414,207,392,224,379,245,372,256,432,241,415,255,401,272,393,280,1
267,343,339,315,382,266,402,221,422,190,319,186,332,125,337,88,338,57,275,179,270,110,267,69,262,36,236,186,222,122,215,81,208,48,201,204,179,154,168,121,159,91,2
226,320,283,319,338,299,376,274,408,254,311,256,340,210,359,183,374,161,278,246,302,201,316,179,329,162,242,244,261,206,271,186,282,171,203,247,205,220,207,208,211,199,2
202,339,262,321,306,287,331,256,348,234,259,223,266,174,262,158,257,159,219,218,217,168,211,149,208,142,183,224,175,180,167,156,163,141,149,241,131,209,120,187,114,170,2
117,393,98,343,119,296,160,276,185,273,112,257,143,195,163,157,176,130,140,259,190,195,220,156,246,125,171,276,234,278,228,309,215,328,202,303,244,317,233,346,218,361,0
253,353,327,358,393,328,435,287,465,253,368,245,405,195,424,163,438,136,331,224,356,166,370,129,378,100,293,217,310,162,320,128,326,102,255,218,258,172,262,145,264,122,2
272,433,316,411,331,356,291,312,256,292,343,300,376,242,396,203,410,170,297,295,296,225,296,175,293,134,256,309,242,282,260,326,273,357,217,335,215,314,233,344,249,370,0
271,321,302,318,312,283,282,242,267,210,352,246,387,190,407,149,422,116,314,232,324,162,330,111,338,69,274,228,255,197,257,241,269,276,233,232,216,214,222,248,238,278,0
266,322,298,316,307,279,277,237,262,206,345,253,372,196,391,157,407,124,310,239,322,170,326,126,333,89,273,235,255,205,254,252,266,286,237,237,221,226,222,265,234,294,0
342,305,317,261,313,210,331,184,355,183,376,164,357,172,342,208,335,227,411,178,386,193,369,224,361,240,435,204,410,219,393,247,386,260,452,238,436,248,417,269,407,279,1
195,448,237,398,235,332,181,289,142,281,231,278,240,213,243,171,242,138,186,288,160,219,143,174,123,137,151,314,120,282,151,321,174,349,123,349,110,324,138,347,165,367,0
201,437,255,445,310,407,314,336,307,285,379,374,461,352,513,337,555,320,351,331,417,273,457,236,487,203,309,308,318,259,296,301,285,335,257,297,263,264,250,300,244,335,0
214,310,213,279,235,241,261,222,286,211,245,208,269,163,287,135,302,116,266,209,302,157,328,125,350,102,288,219,326,166,352,137,372,117,314,236,348,198,370,174,392,155,2
199,340,259,329,302,303,330,280,358,268,254,234,262,185,259,169,256,168,217,227,215,174,210,155,205,147,182,230,176,183,171,158,168,143,149,243,132,208,121,183,115,163,2
218,357,170,317,150,271,147,233,139,208,227,214,245,160,258,130,269,109,266,221,300,166,320,137,335,119,297,240,331,187,351,162,362,145,320,266,352,231,368,211,378,196,2
207,350,265,345,322,302,358,257,385,225,283,235,300,183,308,155,314,136,242,223,251,162,254,136,257,121,203,227,206,169,207,145,209,131,163,242,153,198,151,173,153,154,2
104,398,81,336,100,284,142,261,171,259,110,250,132,194,143,155,151,128,148,258,199,200,228,167,253,143,182,280,220,270,204,290,188,305,211,312,223,309,208,328,195,341,0
106,388,82,329,100,280,141,258,171,258,106,254,135,194,149,154,158,126,140,262,193,200,222,159,246,129,173,284,225,270,213,290,197,306,205,316,233,312,219,332,204,346,0
290,436,355,433,409,399,442,361,470,338,376,302,400,244,414,207,423,175,338,285,352,218,360,177,365,140,301,284,307,220,311,179,315,144,263,293,256,242,252,207,250,177,2
280,313,273,280,279,230,288,194,292,188,302,173,293,166,286,192,282,211,307,166,292,163,284,189,283,210,305,170,290,169,283,193,283,213,298,184,278,180,272,198,272,216,1
190,394,236,357,239,289,187,248,147,240,230,234,232,164,229,119,223,82,181,243,157,169,141,122,122,79,143,267,113,233,144,277,167,307,112,300,102,277,132,306,159,329,0
228,421,269,448,314,432,319,366,316,314,391,398,482,382,539,369,584,356,366,351,441,298,486,259,519,226,328,324,338,273,325,290,319,310,280,310,284,278,270,305,261,337,0
273,331,349,338,413,308,454,267,486,231,387,223,425,174,446,144,460,118,349,203,375,149,388,113,396,85,310,197,328,144,337,110,341,84,271,198,273,153,275,126,278,103,2
210,361,280,374,337,356,375,330,403,311,306,250,339,206,357,182,372,161,276,225,302,171,318,138,329,111,244,215,263,159,275,125,283,99,210,213,215,164,221,134,227,108,2
164,407,211,355,208,288,152,245,113,234,200,225,194,156,188,111,180,76,154,241,124,169,101,122,79,83,118,269,82,238,116,279,146,308,88,302,67,277,100,305,132,326,0
136,399,123,338,143,293,176,278,201,279,148,258,173,207,187,176,196,156,184,268,233,225,263,204,286,188,215,286,240,294,224,316,209,329,240,312,247,314,234,331,224,344,0
224,343,178,305,162,263,159,228,155,205,231,207,252,151,265,118,275,92,268,213,303,153,325,120,341,99,299,231,335,172,357,143,370,125,325,255,359,213,376,191,388,175,2
272,442,316,428,340,380,312,327,287,295,366,316,409,262,436,226,456,194,323,302,335,232,342,186,345,145,281,309,267,272,274,310,282,341,239,329,233,301,244,331,257,362,0
253,386,323,393,386,365,425,324,454,288,358,292,393,238,413,205,427,177,324,270,351,212,365,176,374,145,289,260,309,206,319,172,324,146,254,258,259,212,261,184,262,161,2
346,414,432,436,508,415,561,381,607,359,492,289,545,226,573,186,593,151,453,258,494,184,519,139,535,101,409,244,439,174,459,129,472,94,363,242,370,179,378,139,385,106,2
235,286,244,264,260,234,277,218,293,203,266,196,281,161,292,135,302,118,280,193,305,146,324,116,341,94,294,196,323,151,343,123,361,102,315,203,340,170,358,151,376,136,2
218,357,170,317,150,271,147,233,139,208,227,214,245,160,258,130,269,109,266,221,300,166,320,137,335,119,297,240,331,187,351,162,362,145,320,266,352,231,368,211,378,196,2
219,325,191,297,192,265,198,245,202,232,241,213,269,164,285,135,296,115,268,215,306,162,331,129,350,107,293,229,331,176,358,145,378,126,320,251,354,212,378,187,399,169,2
269,346,338,321,379,270,398,224,418,194,318,188,331,128,335,92,336,61,274,181,269,112,265,71,259,39,236,188,222,124,215,82,208,48,202,207,182,156,170,121,162,90,2
180,403,226,360,228,291,176,246,136,236,222,231,219,161,215,116,207,81,173,242,147,169,127,123,107,81,135,267,103,237,135,282,160,311,105,300,90,277,120,306,150,327,0
277,346,350,324,400,275,428,228,454,196,353,196,370,137,376,103,378,74,307,185,310,114,309,77,309,49,265,188,258,122,254,84,252,54,226,202,211,153,203,122,200,95,2
199,318,245,305,282,278,307,255,329,243,260,222,270,178,272,153,273,136,225,219,224,172,222,147,221,128,191,226,181,186,177,163,175,145,157,243,138,213,130,197,125,183,2
305,309,378,318,438,281,439,233,401,210,408,222,426,190,411,233,400,251,369,205,394,172,381,224,368,241,331,199,353,171,345,225,337,242,293,199,312,185,309,221,304,231,1
199,345,272,348,334,320,378,282,411,245,306,277,343,221,364,187,380,158,275,260,307,209,329,178,346,154,240,251,266,207,284,184,298,167,205,250,217,220,226,206,233,198,2
228,421,269,448,314,432,319,366,316,314,391,398,482,382,539,369,584,356,366,351,441,298,486,259,519,226,328,324,338,273,325,290,319,310,280,310,284,278,270,305,261,337,0
281,287,347,298,401,259,386,200,348,169,407,216,397,178,360,207,335,228,365,198,358,160,331,199,314,221,325,193,315,160,300,203,293,224,286,195,273,177,268,207,271,220,1
240,308,288,273,294,188,238,136,190,131,305,141,256,95,257,142,266,172,258,159,214,118,225,176,236,194,215,183,174,148,197,202,218,219,175,205,149,186,173,221,196,232,1
177,391,232,375,256,313,218,260,182,236,258,247,281,182,293,137,300,99,208,242,204,165,201,114,196,68,164,255,151,215,168,265,183,302,123,281,124,255,144,292,162,322,0
275,331,352,336,419,307,462,265,493,229,391,221,431,170,452,138,467,111,353,200,379,144,392,109,399,79,315,194,331,140,340,106,345,80,276,196,277,151,278,123,280,100,2
123,401,114,354,138,310,180,292,207,288,125,263,154,204,171,167,182,139,142,263,193,201,224,158,246,125,166,278,239,279,236,319,222,342,194,304,246,318,240,352,226,371,0
242,417,318,424,375,397,413,355,439,318,357,315,389,266,405,238,414,215,322,291,347,239,361,207,368,183,284,281,305,231,316,203,321,184,250,280,258,239,264,217,268,201,2
196,358,272,375,338,359,384,330,418,306,310,255,349,209,369,183,384,161,277,228,307,174,325,141,335,113,241,217,263,164,276,130,283,106,204,215,210,167,217,138,222,114,2
210,443,252,396,247,327,192,287,152,280,241,272,251,211,256,171,256,139,195,282,171,216,156,172,140,135,160,309,130,274,159,310,181,336,135,346,123,320,152,343,177,362,0
180,403,226,360,228,291,176,246,136,236,222,231,219,161,215,116,207,81,173,242,147,169,127,123,107,81,135,267,103,237,135,282,160,311,105,300,90,277,120,306,150,327,0
212,317,189,290,194,257,205,239,217,230,237,211,266,163,281,134,293,114,264,211,302,158,325,125,342,102,289,223,328,169,355,140,375,120,316,243,352,203,376,181,395,163,2
189,420,245,429,301,389,304,318,297,266,367,351,442,323,492,302,531,283,337,311,396,252,430,212,456,176,295,292,301,244,284,279,277,307,244,285,251,251,240,283,235,315,0
199,422,196,357,226,312,267,303,295,312,239,280,273,228,293,196,307,175,270,293,331,258,368,239,398,226,295,317,330,333,315,352,299,364,316,348,329,361,314,377,302,388,0
271,321,302,318,312,283,282,242,267,210,352,246,387,190,407,149,422,116,314,232,324,162,330,111,338,69,274,228,255,197,257,241,269,276,233,232,216,214,222,248,238,278,0
307,312,378,318,441,280,442,232,396,213,411,226,433,198,416,241,406,256,372,208,403,174,387,228,376,240,335,199,365,172,353,227,342,242,295,195,320,186,317,224,312,234,1
352,431,427,453,494,435,542,403,580,377,479,318,525,261,552,224,571,194,444,289,482,223,506,182,521,146,404,277,435,215,456,173,468,141,361,276,370,218,376,181,381,152,2
196,352,259,339,307,291,331,242,347,204,258,220,260,154,260,153,258,176,214,216,213,151,212,148,210,161,175,226,173,170,171,160,169,163,138,245,125,205,120,186,118,176,2
290,436,355,433,409,399,442,361,470,338,376,302,400,244,414,207,423,175,338,285,352,218,360,177,365,140,301,284,307,220,311,179,315,144,263,293,256,242,252,207,250,177,2
343,302,320,262,315,214,330,188,352,184,376,166,356,176,343,212,335,231,411,180,387,197,372,225,363,239,436,205,412,222,395,248,387,260,453,239,437,251,419,270,408,279,1
234,310,281,279,289,193,233,140,186,134,302,140,247,92,243,143,248,174,256,158,207,117,215,176,225,190,213,182,166,147,187,198,206,211,170,206,142,187,165,220,186,227,1
183,408,174,347,199,303,235,292,260,299,209,272,240,223,258,193,271,174,242,285,299,249,333,233,359,223,268,309,298,320,282,337,268,349,289,339,300,347,287,361,278,371,0
317,442,379,449,433,423,465,391,492,370,406,327,437,275,453,240,463,210,371,307,393,244,404,205,410,172,336,302,348,243,356,205,361,175,299,308,297,258,297,226,297,199,2
346,414,432,436,508,415,561,381,607,359,492,289,545,226,573,186,593,151,453,258,494,184,519,139,535,101,409,244,439,174,459,129,472,94,363,242,370,179,378,139,385,106,2
279,314,230,272,219,223,236,193,266,188,247,165,257,166,261,193,257,214,293,165,295,173,293,199,289,219,332,178,328,191,323,214,317,231,365,200,357,211,349,231,342,244,1
300,306,364,320,429,278,430,223,389,198,413,223,424,192,404,235,389,257,372,204,386,173,369,226,357,243,332,198,345,173,334,227,326,242,291,196,303,186,299,224,297,234,1
212,298,246,247,232,167,168,129,116,122,247,121,165,84,159,118,173,146,203,153,115,121,125,157,150,172,160,189,86,164,107,198,138,209,122,221,75,208,101,234,132,242,1
197,421,239,389,247,333,208,296,172,285,234,284,249,230,257,193,260,163,192,287,174,221,163,174,150,139,155,307,143,270,167,298,183,324,124,336,129,317,154,339,172,362,0
283,313,243,274,236,224,252,190,270,180,261,170,256,160,255,186,256,208,295,168,284,162,280,188,280,209,322,177,309,177,302,199,301,219,345,194,328,193,319,212,317,229,1
332,438,393,453,449,436,486,409,520,391,437,340,474,295,495,265,510,238,405,316,436,261,454,227,467,198,372,306,395,252,409,219,421,191,336,307,343,259,349,229,354,204,2
197,421,239,389,247,333,208,296,172,285,234,284,249,230,257,193,260,163,192,287,174,221,163,174,150,139,155,307,143,270,167,298,183,324,124,336,129,317,154,339,172,362,0
189,409,244,418,297,377,297,309,289,259,363,336,432,305,478,283,515,262,329,299,379,235,408,194,428,158,287,283,288,236,271,278,264,310,238,279,243,248,234,282,230,314,0
230,307,264,245,245,166,172,136,114,136,278,126,178,88,182,124,205,141,231,156,133,116,153,154,183,168,186,191,101,157,127,192,162,203,144,224,93,203,118,231,149,240,1
154,403,140,342,159,296,191,281,215,283,168,263,192,211,207,181,217,161,203,273,252,232,281,213,303,198,233,292,257,299,240,318,226,330,256,318,263,321,250,336,240,346,0
276,323,336,284,351,213,305,163,256,146,383,183,321,119,294,146,295,174,336,185,272,119,256,157,269,193,283,195,218,140,216,185,241,217,232,207,189,176,193,212,216,236,1
313,322,383,322,443,284,449,237,407,215,395,213,431,195,417,239,399,256,361,199,410,180,392,230,370,240,330,192,380,185,365,234,340,241,296,191,344,193,341,229,322,236,1
218,349,178,311,162,269,155,235,147,209,230,217,250,162,265,134,276,113,266,223,302,166,325,139,341,122,296,241,333,185,355,159,370,144,321,267,355,229,373,207,385,192,2
283,313,243,274,236,224,252,190,270,180,261,170,256,160,255,186,256,208,295,168,284,162,280,188,280,209,322,177,309,177,302,199,301,219,345,194,328,193,319,212,317,229,1
210,356,278,331,310,293,321,256,328,230,231,232,227,184,222,160,216,141,194,226,182,175,175,144,164,121,162,231,144,181,135,148,126,124,132,243,106,201,93,175,83,154,2
269,291,239,254,230,209,237,182,249,172,307,150,275,155,258,183,248,198,339,164,306,176,286,196,273,207,358,189,327,200,309,220,298,233,368,224,346,232,328,249,315,259,1
178,423,177,354,204,310,242,299,270,305,219,274,251,221,270,189,281,169,250,286,311,251,343,236,366,228,276,309,309,327,292,347,278,359,297,341,309,356,294,373,282,384,0
229,322,200,286,194,243,197,213,198,194,232,204,250,147,260,113,268,87,262,206,292,143,311,103,325,74,292,217,323,156,345,120,361,95,322,237,351,191,369,165,384,144,2
231,433,298,421,353,379,387,338,415,311,308,284,329,222,339,181,344,145,268,270,277,197,281,153,281,117,229,273,230,205,232,162,232,127,191,287,175,235,167,201,160,171,2
206,393,251,364,265,302,224,256,187,238,261,238,274,172,277,128,275,92,216,241,201,165,190,118,178,77,177,259,153,221,174,267,193,300,144,288,135,265,159,298,183,325,0
126,399,112,337,131,290,165,273,190,273,139,254,164,200,178,168,186,147,176,264,227,217,256,195,278,180,208,283,232,289,215,310,200,323,234,311,238,312,225,328,214,341,0
187,342,243,288,249,194,178,146,118,158,260,154,196,96,190,153,197,186,209,170,153,117,159,178,170,198,162,194,110,152,131,204,153,224,115,221,87,194,110,226,134,240,1
206,430,256,412,288,352,272,308,231,295,247,299,266,248,272,216,273,190,202,292,199,222,198,173,197,136,166,302,196,270,220,313,231,349,140,324,185,322,216,356,234,385,0
199,340,259,329,302,303,330,280,358,268,254,234,262,185,259,169,256,168,217,227,215,174,210,155,205,147,182,230,176,183,171,158,168,143,149,243,132,208,121,183,115,163,2
244,306,305,275,337,207,303,151,262,133,363,171,319,118,288,146,272,174,317,169,281,120,261,164,258,198,273,178,240,137,235,182,242,213,229,194,210,164,214,194,225,216,1
207,390,254,364,271,301,230,254,194,236,268,240,282,172,287,129,287,93,223,241,210,165,201,118,191,77,184,258,162,221,182,266,200,299,150,286,144,264,165,298,187,325,0
189,392,267,391,330,354,374,313,411,279,295,266,325,213,340,182,350,156,254,250,274,197,285,164,290,139,213,250,226,199,234,170,237,149,174,260,169,220,168,198,167,181,2
224,360,172,319,147,274,140,234,131,206,225,212,239,157,249,129,256,109,266,219,295,164,312,137,322,122,297,239,327,188,342,164,349,151,320,266,348,228,360,213,365,206,2
113,395,94,334,112,284,149,265,177,263,118,248,144,193,155,158,161,136,156,256,209,205,239,180,263,161,189,275,221,278,207,301,193,316,217,302,228,304,216,324,207,338,0
202,361,276,375,338,357,382,329,415,306,309,253,347,209,366,184,380,162,277,228,305,174,322,141,333,114,241,217,262,163,276,129,284,105,205,216,211,168,217,138,224,114,2
340,299,324,264,331,223,361,198,390,193,325,170,386,180,395,210,385,223,347,169,411,190,411,221,395,233,372,182,435,209,428,238,407,248,399,205,450,232,440,260,418,269,1
268,310,225,264,217,215,232,183,252,177,237,164,246,154,252,179,247,200,275,163,277,159,278,184,274,205,308,173,309,174,307,197,300,217,338,191,335,193,329,213,321,230,1
198,384,241,378,272,344,280,310,268,289,199,271,212,215,215,175,216,139,170,267,221,237,225,237,220,233,155,278,230,279,233,306,223,321,153,298,214,304,230,324,230,335,0
214,325,187,294,185,258,187,233,186,216,242,212,268,163,282,134,292,114,271,216,309,162,334,130,351,108,297,231,336,177,364,150,382,132,323,255,359,218,381,196,398,181,2
210,424,258,411,291,350,275,304,233,289,247,300,268,253,273,227,272,205,204,292,201,220,202,172,202,135,170,300,200,266,225,304,236,337,144,319,190,315,220,347,238,373,0
200,385,242,355,250,292,204,250,166,239,243,235,251,167,253,122,251,87,196,241,176,166,163,117,149,75,157,262,136,226,161,269,181,301,123,293,119,273,146,304,169,329,0
225,420,266,449,311,435,318,370,315,319,392,401,484,384,541,370,586,356,368,354,443,299,487,260,520,226,329,327,341,277,330,289,326,305,279,313,285,280,272,305,262,337,0
189,392,267,391,330,354,374,313,411,279,295,266,325,213,340,182,350,156,254,250,274,197,285,164,290,139,213,250,226,199,234,170,237,149,174,260,169,220,168,198,167,181,2
214,326,271,318,299,278,284,234,254,214,302,211,283,198,270,220,261,239,267,188,253,177,242,201,237,225,230,178,220,167,213,191,209,214,190,178,180,164,177,184,177,203,1
207,348,273,330,320,297,351,263,374,235,277,232,288,188,290,163,291,145,239,226,243,181,244,152,242,132,202,233,199,189,197,163,195,146,166,247,152,212,147,192,145,178,2
202,339,262,321,306,287,331,256,348,234,259,223,266,174,262,158,257,159,219,218,217,168,211,149,208,142,183,224,175,180,167,156,163,141,149,241,131,209,120,187,114,170,2
207,334,269,298,306,243,298,197,253,187,213,173,252,141,269,186,259,212,176,181,238,156,248,211,228,224,150,195,218,183,226,234,202,242,128,218,190,203,204,238,187,251,1
278,311,256,276,255,228,266,195,276,187,280,170,282,168,279,195,274,214,298,162,294,164,288,191,284,212,309,167,304,172,298,197,294,217,314,182,304,184,297,204,293,220,1
210,410,254,400,288,347,284,304,249,282,235,284,255,241,262,215,265,195,197,277,204,215,210,169,217,132,165,289,207,266,228,298,236,322,144,313,197,308,229,329,248,345,0
274,343,350,331,411,294,449,251,478,217,376,209,408,152,421,118,429,90,333,190,352,126,358,92,360,67,292,186,300,127,303,95,306,71,251,193,247,146,247,119,249,97,2
254,324,307,307,348,232,328,162,301,130,393,196,341,128,301,159,284,188,348,188,295,130,266,171,268,201,299,189,252,143,237,190,251,219,253,196,218,166,214,203,231,228,1
253,386,323,393,386,365,425,324,454,288,358,292,393,238,413,205,427,177,324,270,351,212,365,176,374,145,289,260,309,206,319,172,324,146,254,258,259,212,261,184,262,161,2
206,366,275,342,316,300,334,258,348,230,251,225,249,160,245,156,242,174,209,220,200,150,192,144,188,155,173,226,159,164,149,151,144,150,138,243,118,201,105,179,98,164,2
199,318,245,305,282,278,307,255,329,243,260,222,270,178,272,153,273,136,225,219,224,172,222,147,221,128,191,226,181,186,177,163,175,145,157,243,138,213,130,197,125,183,2
261,295,298,268,347,223,365,179,361,160,393,221,380,162,339,176,311,200,381,215,364,150,315,172,285,202,360,217,336,153,295,180,273,212,335,224,303,173,274,186,261,205,1
163,421,245,403,316,354,369,303,409,259,295,264,327,204,343,169,355,141,255,247,280,185,291,156,302,136,213,244,230,189,239,166,249,152,173,250,177,206,183,193,190,188,2
164,402,220,369,232,296,182,246,139,230,230,238,240,166,241,119,236,80,182,241,165,166,150,117,132,74,140,262,112,229,141,278,164,311,104,293,93,268,119,301,144,325,0
328,302,297,261,289,212,305,188,327,188,351,167,334,180,325,211,321,226,389,182,366,201,352,225,345,239,414,207,392,224,379,245,372,256,432,241,415,255,401,272,393,280,1
217,355,279,372,327,350,357,323,379,308,300,247,325,204,341,178,352,157,273,221,294,167,309,132,320,106,244,209,260,151,271,116,279,90,215,206,221,154,228,123,234,99,2
337,292,312,258,305,216,321,197,344,199,365,171,352,181,341,211,332,230,401,186,382,202,367,226,357,241,423,211,403,226,389,249,379,262,438,245,425,255,409,271,398,280,1
257,325,325,281,357,207,337,153,295,142,336,164,293,97,282,123,294,155,287,174,236,111,233,145,251,180,242,190,200,141,202,177,223,207,206,207,179,179,183,209,200,233,1
256,304,303,272,310,200,254,149,206,129,343,160,276,109,254,155,250,192,298,168,241,119,230,170,234,202,254,185,203,145,207,197,224,225,210,205,177,186,190,221,213,239,1
266,307,299,310,317,283,291,245,278,216,352,243,386,190,403,150,416,118,311,224,326,157,334,108,345,66,271,220,261,193,261,238,272,271,232,222,225,212,230,248,244,277,0
300,330,360,322,402,291,414,256,395,230,357,215,396,198,390,237,370,256,333,204,386,192,371,238,348,247,309,197,367,198,352,242,325,246,283,197,335,199,331,233,309,240,1
354,292,349,286,371,257,414,239,444,234,346,191,417,205,415,234,400,246,361,182,439,205,423,238,403,243,377,181,448,212,427,244,406,246,392,189,442,216,430,247,413,254,1
270,315,297,305,302,269,276,229,262,201,348,251,379,196,399,157,415,125,317,240,324,165,328,122,337,89,281,236,256,199,255,242,267,277,242,237,220,218,221,251,235,279,0
221,316,232,287,250,255,270,239,288,224,249,208,273,169,290,144,303,127,267,207,301,153,324,123,343,99,286,214,321,162,345,132,366,110,312,225,341,186,365,164,389,145,2
196,319,237,314,273,296,295,281,314,274,260,229,272,184,272,161,267,150,225,222,227,177,224,156,220,143,191,227,186,188,181,164,177,147,156,241,142,211,133,192,127,176,2
313,322,383,322,443,284,449,237,407,215,395,213,431,195,417,239,399,256,361,199,410,180,392,230,370,240,330,192,380,185,365,234,340,241,296,191,344,193,341,229,322,236,1
188,361,262,359,330,327,375,289,411,260,301,245,331,196,344,167,353,144,263,224,282,166,290,135,296,112,223,219,235,165,239,135,243,112,182,224,182,179,183,153,185,131,2
208,434,260,448,311,420,316,353,314,302,383,385,469,365,522,350,566,335,357,340,429,282,470,244,499,215,317,314,330,259,309,290,298,322,266,302,274,267,259,297,250,331,0
219,432,291,414,342,368,372,326,395,297,290,276,304,215,309,177,309,145,247,265,251,195,251,154,248,121,208,270,206,204,204,163,201,130,171,286,153,236,143,204,136,177,2
267,344,326,328,354,279,366,240,384,217,309,200,317,146,323,112,327,83,275,188,269,121,268,77,267,41,245,188,233,123,227,79,224,44,219,199,202,145,193,109,189,78,2
167,403,159,344,180,299,214,286,239,286,184,268,211,218,226,187,236,167,217,279,272,238,303,220,328,208,246,299,277,307,261,325,246,337,269,326,282,331,270,347,260,359,0
238,306,286,275,295,189,242,136,194,132,304,139,252,93,254,143,262,172,258,157,210,117,222,176,233,193,214,181,171,146,193,201,214,218,174,204,146,186,170,221,193,232,1
190,336,238,288,240,197,176,145,123,135,262,146,198,94,194,144,204,174,213,166,152,121,160,177,174,191,167,191,112,159,135,211,159,223,122,215,90,195,114,230,140,240,1
196,358,272,375,338,359,384,330,418,306,310,255,349,209,369,183,384,161,277,228,307,174,325,141,335,113,241,217,263,164,276,130,283,106,204,215,210,167,217,138,222,114,2
261,311,313,285,333,240,319,201,294,191,308,184,312,171,310,194,301,211,276,169,284,160,284,184,279,205,248,164,258,156,261,180,258,202,223,169,232,161,233,180,230,198,1
223,434,293,417,344,372,374,330,398,303,292,279,309,216,316,177,319,144,251,268,255,195,256,152,253,116,212,273,209,206,209,164,208,131,174,290,156,239,147,205,140,176,2
189,361,257,356,322,316,366,275,402,245,292,237,317,186,328,157,333,139,252,220,266,159,274,129,279,112,213,219,219,163,225,135,230,116,172,228,166,185,166,161,169,141,2
269,313,301,306,313,275,285,236,270,210,348,249,385,196,405,159,420,128,310,233,326,168,335,121,346,80,272,228,260,200,262,242,272,275,233,230,224,217,229,249,242,276,0
251,338,313,276,342,190,314,132,268,126,316,158,267,93,268,121,287,151,265,178,214,115,221,147,243,174,222,199,182,146,192,178,214,203,190,217,166,181,177,207,195,228,1
194,444,234,395,230,332,179,290,141,282,226,276,237,213,241,170,241,137,182,287,157,220,140,174,121,136,148,314,118,282,147,317,171,345,121,350,105,326,133,349,159,370,0
240,308,288,273,294,188,238,136,190,131,305,141,256,95,257,142,266,172,258,159,214,118,225,176,236,194,215,183,174,148,197,202,218,219,175,205,149,186,173,221,196,232,1
219,357,170,317,145,272,138,234,130,207,224,209,239,154,249,126,256,106,265,215,295,161,312,134,324,117,296,236,326,186,341,162,348,148,319,262,347,226,360,211,366,203,2
254,314,292,315,311,285,284,245,265,217,345,245,378,191,399,152,416,119,305,229,318,159,322,110,329,70,264,226,252,199,255,250,265,286,224,230,214,217,219,255,231,284,0
223,434,293,417,344,372,374,330,398,303,292,279,309,216,316,177,319,144,251,268,255,195,256,152,253,116,212,273,209,206,209,164,208,131,174,290,156,239,147,205,140,176,2
212,443,257,395,254,325,197,286,154,281,252,276,261,213,266,171,267,137,205,285,182,217,168,173,150,135,169,310,138,277,169,315,192,340,142,342,130,319,159,344,185,362,0
254,324,307,307,348,232,328,162,301,130,393,196,341,128,301,159,284,188,348,188,295,130,266,171,268,201,299,189,252,143,237,190,251,219,253,196,218,166,214,203,231,228,1
219,443,264,398,262,330,206,289,165,282,260,277,271,214,278,173,279,140,214,285,193,217,180,173,164,135,179,309,150,278,180,319,203,347,152,343,140,318,168,343,194,364,0
272,433,316,411,331,356,291,312,256,292,343,300,376,242,396,203,410,170,297,295,296,225,296,175,293,134,256,309,242,282,260,326,273,357,217,335,215,314,233,344,249,370,0
267,343,339,315,382,266,402,221,422,190,319,186,332,125,337,88,338,57,275,179,270,110,267,69,262,36,236,186,222,122,215,81,208,48,201,204,179,154,168,121,159,91,2
208,434,260,448,311,420,316,353,314,302,383,385,469,365,522,350,566,335,357,340,429,282,470,244,499,215,317,314,330,259,309,290,298,322,266,302,274,267,259,297,250,331,0
218,365,169,321,147,274,140,235,130,208,226,213,242,158,253,128,261,109,266,221,298,165,316,137,328,121,296,242,329,191,345,166,352,151,318,269,347,235,360,217,366,205,2
192,448,234,400,231,334,177,291,136,285,226,279,235,217,241,175,242,141,180,289,153,221,138,175,120,136,144,317,116,286,147,323,169,351,118,353,104,330,133,355,159,377,0
248,308,318,277,361,210,329,154,276,144,367,181,343,127,312,157,292,188,322,176,306,122,282,161,269,197,279,184,262,136,254,180,254,216,235,198,226,164,230,192,239,217,1
